<?xml version="1.0" encoding="UTF-8"?>
<jarinfo>
<version>13.1</version>
<name>examples</name>
<alias>
<key>Examples</key>
<value>Examples</value>
</alias>
<description>
<key>Examples/Census Data</key>
<value>Data on Construction orders and employee productivity</value>
</description>
<description>
<key>Examples/Construction Data</key>
<value>Data on Construction orders and employee productivity</value>
</description>
<description>
<key>Examples/Call Center Monitoring</key>
<value>Data on Construction orders and employee productivity</value>
</description>
<description>
<key>Examples/Hurricane</key>
<value>Data on Construction orders and employee productivity</value>
</description>
<description>
<key>Examples/Sales Revenue</key>
<value>A map of the world&#39;s most and least racially tolerant countries</value>
</description>
<description>
<key>Examples/HurricaneL</key>
<value>Data on Construction orders and employee productivity</value>
</description>
<description>
<key>Examples/Census</key>
<value>Data on Construction orders and employee productivity</value>
</description>
<description>
<key>Examples/Sales Summary</key>
<value>A map of the world&#39;s most and least racially tolerant countries</value>
</description>
<description>
<key>Examples/HurricaneR</key>
<value>Data on Construction orders and employee productivity</value>
</description>
<description>
<key>Examples/Projection</key>
<value>Data on Construction orders and employee productivity</value>
</description>
<description>
<key>Examples/Construction Dashboard</key>
<value>Data on Construction orders and employee productivity</value>
</description>
<deploymentDate>2024-12-03 13:23:04</deploymentDate>
<entries>
<entry>
<type>VIEWSHEET</type>
<path>Examples/Call Center Monitoring</path>
<user>__NULL__~;~host-org</user>
<icon>/inetsoft/sree/web/images/viewsheet.gif</icon>
<lastModifiedTime>1580992255000</lastModifiedTime>
</entry>
<entry>
<type>VIEWSHEET</type>
<path>Examples/Census</path>
<user>__NULL__~;~host-org</user>
<icon>/inetsoft/sree/web/images/viewsheet.gif</icon>
<lastModifiedTime>1527081643000</lastModifiedTime>
</entry>
<entry>
<type>VIEWSHEET</type>
<path>Examples/Construction Dashboard</path>
<user>__NULL__~;~host-org</user>
<icon>/inetsoft/sree/web/images/viewsheet.gif</icon>
<lastModifiedTime>1526565807000</lastModifiedTime>
</entry>
<entry>
<type>VIEWSHEET</type>
<path>Examples/Hurricane</path>
<user>__NULL__~;~host-org</user>
<icon>/inetsoft/sree/web/images/viewsheet.gif</icon>
<lastModifiedTime>1525187228000</lastModifiedTime>
</entry>
<entry>
<type>VIEWSHEET</type>
<path>Examples/HurricaneL</path>
<user>__NULL__~;~host-org</user>
<icon>/inetsoft/sree/web/images/viewsheet.gif</icon>
<lastModifiedTime>1614293609000</lastModifiedTime>
</entry>
<entry>
<type>VIEWSHEET</type>
<path>Examples/HurricaneR</path>
<user>__NULL__~;~host-org</user>
<icon>/inetsoft/sree/web/images/viewsheet.gif</icon>
<lastModifiedTime>1614295584000</lastModifiedTime>
</entry>
<entry>
<type>VIEWSHEET</type>
<path>Examples/Projection</path>
<user>__NULL__~;~host-org</user>
<icon>/inetsoft/sree/web/images/viewsheet.gif</icon>
<lastModifiedTime>1525376449000</lastModifiedTime>
</entry>
<entry>
<type>VIEWSHEET</type>
<path>Examples/Return Analysis</path>
<user>__NULL__~;~host-org</user>
<icon>/inetsoft/sree/web/images/viewsheet.gif</icon>
<lastModifiedTime>1531942580000</lastModifiedTime>
</entry>
<entry>
<type>VIEWSHEET</type>
<path>Examples/Sales Summary</path>
<user>__NULL__~;~host-org</user>
<icon>/inetsoft/sree/web/images/viewsheet.gif</icon>
<lastModifiedTime>1527083208000</lastModifiedTime>
</entry>
<entry>
<type>WORKSHEET</type>
<path>Examples/Analysis</path>
<user>__NULL__~;~host-org</user>
<icon>/inetsoft/sree/portal/images/modern/ws-table.gif</icon>
<lastModifiedTime>1733249929000</lastModifiedTime>
</entry>
<entry>
<type>WORKSHEET</type>
<path>Examples/Call Center Monitoring</path>
<user>__NULL__~;~host-org</user>
<icon>/inetsoft/sree/portal/images/modern/ws-table.gif</icon>
<lastModifiedTime>1524233917000</lastModifiedTime>
</entry>
<entry>
<type>WORKSHEET</type>
<path>Examples/Census Data</path>
<user>__NULL__~;~host-org</user>
<icon>/inetsoft/sree/portal/images/modern/ws-table.gif</icon>
<lastModifiedTime>1657170710000</lastModifiedTime>
</entry>
<entry>
<type>WORKSHEET</type>
<path>Examples/Construction Data</path>
<user>__NULL__~;~host-org</user>
<icon>/inetsoft/sree/portal/images/modern/ws-table.gif</icon>
<lastModifiedTime>1519845489000</lastModifiedTime>
</entry>
<entry>
<type>WORKSHEET</type>
<path>Examples/Hurricane</path>
<user>__NULL__~;~host-org</user>
<icon>/inetsoft/sree/portal/images/modern/ws-table.gif</icon>
<lastModifiedTime>1519845499000</lastModifiedTime>
</entry>
<entry>
<type>WORKSHEET</type>
<path>Examples/Map Points</path>
<user>__NULL__~;~host-org</user>
<icon>/inetsoft/sree/portal/images/modern/ws-table.gif</icon>
<lastModifiedTime>1527185199000</lastModifiedTime>
</entry>
<entry>
<type>WORKSHEET</type>
<path>Examples/Order Details</path>
<user>__NULL__~;~host-org</user>
<icon>/inetsoft/sree/portal/images/modern/ws-table.gif</icon>
<lastModifiedTime>1526483737000</lastModifiedTime>
</entry>
<entry>
<type>WORKSHEET</type>
<path>Examples/ProductSales</path>
<user>__NULL__~;~host-org</user>
<icon>/inetsoft/sree/portal/images/modern/ws-table.gif</icon>
<lastModifiedTime>1527185199000</lastModifiedTime>
</entry>
<entry>
<type>WORKSHEET</type>
<path>Examples/Projection</path>
<user>__NULL__~;~host-org</user>
<icon>/inetsoft/sree/portal/images/modern/ws-table.gif</icon>
<lastModifiedTime>1519845515000</lastModifiedTime>
</entry>
<entry>
<type>WORKSHEET</type>
<path>Examples/Sales Explore</path>
<user>__NULL__~;~host-org</user>
<icon>/inetsoft/sree/portal/images/modern/ws-table.gif</icon>
<lastModifiedTime>1527185199000</lastModifiedTime>
</entry>
<entry>
<type>WORKSHEET</type>
<path>Examples/Sales Revenue</path>
<user>__NULL__~;~host-org</user>
<icon>/inetsoft/sree/portal/images/modern/ws-table.gif</icon>
<lastModifiedTime>1526483543000</lastModifiedTime>
</entry>
<entry>
<type>WORKSHEET</type>
<path>Sample Queries/All Sales</path>
<user>__NULL__~;~host-org</user>
<icon>/inetsoft/sree/portal/images/modern/ws-table.gif</icon>
<lastModifiedTime>1710793922000</lastModifiedTime>
</entry>
<entry>
<type>WORKSHEET</type>
<path>Sample Queries/Fast Go Game</path>
<user>__NULL__~;~host-org</user>
<icon>/inetsoft/sree/portal/images/modern/ws-table.gif</icon>
<lastModifiedTime>1710793923000</lastModifiedTime>
</entry>
<entry>
<type>WORKSHEET</type>
<path>Sample Queries/Wireless Mouse</path>
<user>__NULL__~;~host-org</user>
<icon>/inetsoft/sree/portal/images/modern/ws-table.gif</icon>
<lastModifiedTime>1710793923000</lastModifiedTime>
</entry>
<entry>
<type>WORKSHEET</type>
<path>Sample Queries/customers</path>
<user>__NULL__~;~host-org</user>
<icon>/inetsoft/sree/portal/images/modern/ws-table.gif</icon>
<lastModifiedTime>1710793923000</lastModifiedTime>
</entry>
<entry>
<type>WORKSHEET</type>
<path>Sample Queries/sales by state</path>
<user>__NULL__~;~host-org</user>
<icon>/inetsoft/sree/portal/images/modern/ws-table.gif</icon>
<lastModifiedTime>1710793923000</lastModifiedTime>
</entry>
<entry>
<type>XLOGICALMODEL</type>
<path>Examples/Orders^Order Model</path>
<user>__NULL__~;~host-org</user>
<icon>/inetsoft/sree/portal/images/modern/logical.gif</icon>
</entry>
<entry>
<type>XLOGICALMODEL</type>
<path>Examples/Orders^Return Model</path>
<user>__NULL__~;~host-org</user>
<icon>/inetsoft/sree/portal/images/modern/logical.gif</icon>
</entry>
<entry>
<type>XPARTITION</type>
<path>Examples/Orders^Order View</path>
<user>__NULL__~;~host-org</user>
<icon>/inetsoft/sree/portal/images/modern/partition.gif</icon>
</entry>
<entry>
<type>DASHBOARD</type>
<path>Analysis__GLOBAL</path>
<user>__NULL__~;~host-org</user>
<icon>/inetsoft/sree/web/images/dashboard.png</icon>
</entry>
<entry>
<type>DASHBOARD</type>
<path>Call Center__GLOBAL</path>
<user>__NULL__~;~host-org</user>
<icon>/inetsoft/sree/web/images/dashboard.png</icon>
</entry>
<entry>
<type>DASHBOARD</type>
<path>Census__GLOBAL</path>
<user>__NULL__~;~host-org</user>
<icon>/inetsoft/sree/web/images/dashboard.png</icon>
</entry>
<entry>
<type>DASHBOARD</type>
<path>Construction__GLOBAL</path>
<user>__NULL__~;~host-org</user>
<icon>/inetsoft/sree/web/images/dashboard.png</icon>
</entry>
<entry>
<type>DASHBOARD</type>
<path>Hurricane__GLOBAL</path>
<user>__NULL__~;~host-org</user>
<icon>/inetsoft/sree/web/images/dashboard.png</icon>
</entry>
<entry>
<type>DASHBOARD</type>
<path>Projection What-if__GLOBAL</path>
<user>__NULL__~;~host-org</user>
<icon>/inetsoft/sree/web/images/dashboard.png</icon>
</entry>
<entry>
<type>DASHBOARD</type>
<path>Sales Summary__GLOBAL</path>
<user>__NULL__~;~host-org</user>
<icon>/inetsoft/sree/web/images/dashboard.png</icon>
</entry>
</entries>
<assets>
<asset>
<type>DEVICE</type>
<path>8795d12e-90e7-4146-8b1c-7daafc0f2806</path>
<typeDescription>Extra small devices</typeDescription>
<requiredBy>Examples/Call Center Monitoring, Examples/Census, Examples/Construction Dashboard, Examples/Hurricane, Examples/Projection, Examples/Return Analysis, Examples/Sales Summary, Examples/Return Analysis, Examples/Call Center Monitoring, Examples/Census, Examples/Construction Dashboard, Examples/Hurricane, Examples/Projection, Examples/Sales Summary</requiredBy>
<detailDescription>Dashboard/Examples/Call Center Monitoring depends on Device Extra small devices. Dashboard/Examples/Census depends on Device Extra small devices. Dashboard/Examples/Construction Dashboard depends on Device Extra small devices. Dashboard/Examples/Hurricane depends on Device Extra small devices. Dashboard/Examples/Projection depends on Device Extra small devices. Dashboard/Examples/Return Analysis depends on Device Extra small devices. Dashboard/Examples/Sales Summary depends on Device Extra small devices. Dashboard/Examples/Return Analysis depends on Device Extra small devices. Dashboard/Examples/Call Center Monitoring depends on Device Extra small devices. Dashboard/Examples/Census depends on Device Extra small devices. Dashboard/Examples/Construction Dashboard depends on Device Extra small devices. Dashboard/Examples/Hurricane depends on Device Extra small devices. Dashboard/Examples/Projection depends on Device Extra small devices. Dashboard/Examples/Sales Summary depends on Device Extra small devices.</detailDescription>
</asset>
<asset>
<type>DEVICE</type>
<path>72d90961-cfc1-4b88-9ba6-d5431f63e1ac</path>
<typeDescription>Large devices</typeDescription>
<requiredBy>Examples/Call Center Monitoring, Examples/Call Center Monitoring</requiredBy>
<detailDescription>Dashboard/Examples/Call Center Monitoring depends on Device Large devices. Dashboard/Examples/Call Center Monitoring depends on Device Large devices.</detailDescription>
</asset>
<asset>
<type>DEVICE</type>
<path>75a882db-8a62-4d4e-904f-854e8ad1e7ac</path>
<typeDescription>Medium devices</typeDescription>
<requiredBy>Examples/Call Center Monitoring, Examples/Construction Dashboard, Examples/Hurricane, Examples/Projection, Examples/Return Analysis, Examples/Sales Summary, Examples/Return Analysis, Examples/Call Center Monitoring, Examples/Construction Dashboard, Examples/Hurricane, Examples/Projection, Examples/Sales Summary</requiredBy>
<detailDescription>Dashboard/Examples/Call Center Monitoring depends on Device Medium devices. Dashboard/Examples/Construction Dashboard depends on Device Medium devices. Dashboard/Examples/Hurricane depends on Device Medium devices. Dashboard/Examples/Projection depends on Device Medium devices. Dashboard/Examples/Return Analysis depends on Device Medium devices. Dashboard/Examples/Sales Summary depends on Device Medium devices. Dashboard/Examples/Return Analysis depends on Device Medium devices. Dashboard/Examples/Call Center Monitoring depends on Device Medium devices. Dashboard/Examples/Construction Dashboard depends on Device Medium devices. Dashboard/Examples/Hurricane depends on Device Medium devices. Dashboard/Examples/Projection depends on Device Medium devices. Dashboard/Examples/Sales Summary depends on Device Medium devices.</detailDescription>
</asset>
<asset>
<type>DEVICE</type>
<path>409f3e4a-505e-41f3-a199-0f2b5eb63139</path>
<typeDescription>Small devices</typeDescription>
<requiredBy>Examples/Call Center Monitoring, Examples/Census, Examples/Construction Dashboard, Examples/Hurricane, Examples/Projection, Examples/Return Analysis, Examples/Sales Summary, Examples/Return Analysis, Examples/Call Center Monitoring, Examples/Census, Examples/Construction Dashboard, Examples/Hurricane, Examples/Projection, Examples/Sales Summary</requiredBy>
<detailDescription>Dashboard/Examples/Call Center Monitoring depends on Device Small devices. Dashboard/Examples/Census depends on Device Small devices. Dashboard/Examples/Construction Dashboard depends on Device Small devices. Dashboard/Examples/Hurricane depends on Device Small devices. Dashboard/Examples/Projection depends on Device Small devices. Dashboard/Examples/Return Analysis depends on Device Small devices. Dashboard/Examples/Sales Summary depends on Device Small devices. Dashboard/Examples/Return Analysis depends on Device Small devices. Dashboard/Examples/Call Center Monitoring depends on Device Small devices. Dashboard/Examples/Census depends on Device Small devices. Dashboard/Examples/Construction Dashboard depends on Device Small devices. Dashboard/Examples/Hurricane depends on Device Small devices. Dashboard/Examples/Projection depends on Device Small devices. Dashboard/Examples/Sales Summary depends on Device Small devices.</detailDescription>
</asset>
<asset>
<type>SCRIPT</type>
<path>setDimColor</path>
<typeDescription>ScriptAsset: [setDimColor]</typeDescription>
<requiredBy>Examples/Call Center Monitoring, Examples/Call Center Monitoring</requiredBy>
<detailDescription>Viewsheet &#39;Examples/Call Center Monitoring&#39; depends on Script &#39;setDimColor&#39;. Viewsheet &#39;Examples/Call Center Monitoring&#39; depends on Script &#39;setDimColor&#39;.</detailDescription>
<lastModifiedTime>1733242105000</lastModifiedTime>
</asset>
<asset>
<type>TABLESTYLE</type>
<path>BorderedLightBands</path>
<typeDescription>TableStyleAsset: [BorderedLightBands]</typeDescription>
<requiredBy>Examples/Return Analysis, Examples/Return Analysis</requiredBy>
<detailDescription>Assembly &#39;Details&#39; in Dashboard depends on table style &#39;BorderedLightBands&#39;. Assembly &#39;Details&#39; in Dashboard depends on table style &#39;BorderedLightBands&#39;.</detailDescription>
</asset>
<asset>
<type>VIEWSHEET</type>
<path>Examples/Call Center Monitoring</path>
<typeDescription>ViewsheetAsset: [Examples/Call Center Monitoring]</typeDescription>
<requiredBy>Call Center__GLOBAL</requiredBy>
<detailDescription>Dashboard &#39;Call Center__GLOBAL&#39; depends on Viewsheet &#39;Global Viewsheet/Examples/Call Center Monitoring&#39;.</detailDescription>
<lastModifiedTime>1580992255000</lastModifiedTime>
</asset>
<asset>
<type>VIEWSHEET</type>
<path>Examples/Census</path>
<typeDescription>ViewsheetAsset: [Examples/Census]</typeDescription>
<requiredBy>Census__GLOBAL</requiredBy>
<detailDescription>Dashboard &#39;Census__GLOBAL&#39; depends on Viewsheet &#39;Global Viewsheet/Examples/Census&#39;.</detailDescription>
<lastModifiedTime>1527081643000</lastModifiedTime>
</asset>
<asset>
<type>VIEWSHEET</type>
<path>Examples/Construction Dashboard</path>
<typeDescription>ViewsheetAsset: [Examples/Construction Dashboard]</typeDescription>
<requiredBy>Construction__GLOBAL</requiredBy>
<detailDescription>Dashboard &#39;Construction__GLOBAL&#39; depends on Viewsheet &#39;Global Viewsheet/Examples/Construction Dashboard&#39;.</detailDescription>
<lastModifiedTime>1526565807000</lastModifiedTime>
</asset>
<asset>
<type>VIEWSHEET</type>
<path>Examples/Hurricane</path>
<typeDescription>ViewsheetAsset: [Examples/Hurricane]</typeDescription>
<requiredBy>Hurricane__GLOBAL</requiredBy>
<detailDescription>Dashboard &#39;Hurricane__GLOBAL&#39; depends on Viewsheet &#39;Global Viewsheet/Examples/Hurricane&#39;.</detailDescription>
<lastModifiedTime>1525187228000</lastModifiedTime>
</asset>
<asset>
<type>VIEWSHEET</type>
<path>Examples/HurricaneL</path>
<typeDescription>ViewsheetAsset: [Examples/HurricaneL]</typeDescription>
<requiredBy>Examples/Hurricane, Examples/Hurricane</requiredBy>
<detailDescription>Dashboard/Examples/Hurricane depends on Dashboard/Examples/HurricaneL. Dashboard/Examples/Hurricane depends on Dashboard/Examples/HurricaneL.</detailDescription>
<lastModifiedTime>1614293609000</lastModifiedTime>
</asset>
<asset>
<type>VIEWSHEET</type>
<path>Examples/HurricaneR</path>
<typeDescription>ViewsheetAsset: [Examples/HurricaneR]</typeDescription>
<requiredBy>Examples/Hurricane, Examples/Hurricane</requiredBy>
<detailDescription>Dashboard/Examples/Hurricane depends on Dashboard/Examples/HurricaneR. Dashboard/Examples/Hurricane depends on Dashboard/Examples/HurricaneR.</detailDescription>
<lastModifiedTime>1614295584000</lastModifiedTime>
</asset>
<asset>
<type>VIEWSHEET</type>
<path>Examples/Projection</path>
<typeDescription>ViewsheetAsset: [Examples/Projection]</typeDescription>
<requiredBy>Projection What-if__GLOBAL</requiredBy>
<detailDescription>Dashboard &#39;Projection What-if__GLOBAL&#39; depends on Viewsheet &#39;Global Viewsheet/Examples/Projection&#39;.</detailDescription>
<lastModifiedTime>1525376449000</lastModifiedTime>
</asset>
<asset>
<type>VIEWSHEET</type>
<path>Examples/Return Analysis</path>
<typeDescription>ViewsheetAsset: [Examples/Return Analysis]</typeDescription>
<requiredBy>Analysis__GLOBAL</requiredBy>
<detailDescription>Dashboard &#39;Analysis__GLOBAL&#39; depends on Viewsheet &#39;Global Viewsheet/Examples/Return Analysis&#39;.</detailDescription>
<lastModifiedTime>1531942580000</lastModifiedTime>
</asset>
<asset>
<type>VIEWSHEET</type>
<path>Examples/Sales Summary</path>
<typeDescription>ViewsheetAsset: [Examples/Sales Summary]</typeDescription>
<requiredBy>Sales Summary__GLOBAL</requiredBy>
<detailDescription>Dashboard &#39;Sales Summary__GLOBAL&#39; depends on Viewsheet &#39;Global Viewsheet/Examples/Sales Summary&#39;.</detailDescription>
<lastModifiedTime>1527083208000</lastModifiedTime>
</asset>
<asset>
<type>WORKSHEET</type>
<path>Examples/Call Center Monitoring</path>
<typeDescription>WorksheetAsset: [Examples/Call Center Monitoring]</typeDescription>
<requiredBy>Examples/Call Center Monitoring, Examples/Call Center Monitoring</requiredBy>
<detailDescription>Dashboard/Examples/Call Center Monitoring depends on Data Worksheet/Examples/Call Center Monitoring. Dashboard/Examples/Call Center Monitoring depends on Data Worksheet/Examples/Call Center Monitoring.</detailDescription>
<lastModifiedTime>1524233917000</lastModifiedTime>
</asset>
<asset>
<type>WORKSHEET</type>
<path>Examples/Census Data</path>
<typeDescription>WorksheetAsset: [Examples/Census Data]</typeDescription>
<requiredBy>Examples/Census, Examples/Census</requiredBy>
<detailDescription>Dashboard/Examples/Census depends on Data Worksheet/Examples/Census Data. Dashboard/Examples/Census depends on Data Worksheet/Examples/Census Data.</detailDescription>
<lastModifiedTime>1657170710000</lastModifiedTime>
<assetDescription>Data on Construction orders and employee productivity</assetDescription>
</asset>
<asset>
<type>WORKSHEET</type>
<path>Examples/Construction Data</path>
<typeDescription>WorksheetAsset: [Examples/Construction Data]</typeDescription>
<requiredBy>Examples/Construction Dashboard, Examples/Construction Dashboard</requiredBy>
<detailDescription>Dashboard/Examples/Construction Dashboard depends on Data Worksheet/Examples/Construction Data. Dashboard/Examples/Construction Dashboard depends on Data Worksheet/Examples/Construction Data.</detailDescription>
<lastModifiedTime>1519845489000</lastModifiedTime>
<assetDescription>Data on Construction orders and employee productivity</assetDescription>
</asset>
<asset>
<type>WORKSHEET</type>
<path>Examples/Hurricane</path>
<typeDescription>WorksheetAsset: [Examples/Hurricane]</typeDescription>
<requiredBy>Examples/Hurricane, Examples/HurricaneL, Examples/HurricaneR, Examples/HurricaneL, Examples/HurricaneR, Examples/Hurricane, Examples/HurricaneL, Examples/HurricaneR</requiredBy>
<detailDescription>Dashboard/Examples/Hurricane depends on Data Worksheet/Examples/Hurricane. Dashboard/Examples/HurricaneL depends on Data Worksheet/Examples/Hurricane. Dashboard/Examples/HurricaneR depends on Data Worksheet/Examples/Hurricane. Dashboard/Examples/HurricaneL depends on Data Worksheet/Examples/Hurricane. Dashboard/Examples/HurricaneR depends on Data Worksheet/Examples/Hurricane. Dashboard/Examples/Hurricane depends on Data Worksheet/Examples/Hurricane. Dashboard/Examples/HurricaneL depends on Data Worksheet/Examples/Hurricane. Dashboard/Examples/HurricaneR depends on Data Worksheet/Examples/Hurricane.</detailDescription>
<lastModifiedTime>1519845499000</lastModifiedTime>
</asset>
<asset>
<type>WORKSHEET</type>
<path>Examples/Order Details</path>
<typeDescription>WorksheetAsset: [Examples/Order Details]</typeDescription>
<requiredBy>Examples/Return Analysis, Examples/Return Analysis</requiredBy>
<detailDescription>Dashboard/Examples/Return Analysis depends on Data Worksheet/Examples/Order Details. Dashboard/Examples/Return Analysis depends on Data Worksheet/Examples/Order Details.</detailDescription>
<lastModifiedTime>1526483737000</lastModifiedTime>
</asset>
<asset>
<type>WORKSHEET</type>
<path>Examples/Projection</path>
<typeDescription>WorksheetAsset: [Examples/Projection]</typeDescription>
<requiredBy>Examples/Projection, Examples/Projection</requiredBy>
<detailDescription>Dashboard/Examples/Projection depends on Data Worksheet/Examples/Projection. Dashboard/Examples/Projection depends on Data Worksheet/Examples/Projection.</detailDescription>
<lastModifiedTime>1519845515000</lastModifiedTime>
</asset>
<asset>
<type>WORKSHEET</type>
<path>Examples/Sales Revenue</path>
<typeDescription>WorksheetAsset: [Examples/Sales Revenue]</typeDescription>
<requiredBy>Examples/Sales Summary, Examples/Sales Summary</requiredBy>
<detailDescription>Dashboard/Examples/Sales Summary depends on Data Worksheet/Examples/Sales Revenue. Dashboard/Examples/Sales Summary depends on Data Worksheet/Examples/Sales Revenue.</detailDescription>
<lastModifiedTime>1526483543000</lastModifiedTime>
<assetDescription>A map of the world&#39;s most and least racially tolerant countries</assetDescription>
</asset>
<asset>
<type>XDATASOURCE</type>
<path>Examples/Orders</path>
<typeDescription>XDataSourceAsset: [Examples/Orders]</typeDescription>
<requiredBy>Examples/Orders^Order View, Examples/Orders^Order View, Examples/Orders^Order View, Examples/Orders^Order View, Examples/Orders^Order View, Sample Queries/All Sales, Sample Queries/Fast Go Game, Sample Queries/Wireless Mouse, Sample Queries/customers, Sample Queries/sales by state, Examples/Orders^Order View, Examples/Orders^Order View, Examples/Orders^Order View, Examples/Orders^Order View</requiredBy>
<detailDescription>Physical view &#39;Order View&#39; depends on data source &#39;Examples/Orders&#39;. Physical view &#39;Order View&#39; depends on data source &#39;Examples/Orders&#39;. Physical view &#39;Order View&#39; depends on data source &#39;Examples/Orders&#39;. Physical view &#39;Order View&#39; depends on data source &#39;Examples/Orders&#39;. Physical view &#39;Order View&#39; depends on data source &#39;Examples/Orders&#39;. Assembly &#39;All Sales&#39; in Data Worksheet depends on physical table &#39;Examples/Orders&#39; in data source &#39;Examples/Orders&#39;. Assembly &#39;Fast Go Game&#39; in Data Worksheet depends on physical table &#39;Examples/Orders&#39; in data source &#39;Examples/Orders&#39;. Assembly &#39;Wireless Mouse&#39; in Data Worksheet depends on physical table &#39;Examples/Orders&#39; in data source &#39;Examples/Orders&#39;. Assembly &#39;customers&#39; in Data Worksheet depends on physical table &#39;Examples/Orders&#39; in data source &#39;Examples/Orders&#39;. Assembly &#39;sales by state&#39; in Data Worksheet depends on physical table &#39;Examples/Orders&#39; in data source &#39;Examples/Orders&#39;. Physical view &#39;Order View&#39; depends on data source &#39;Examples/Orders&#39;. Physical view &#39;Order View&#39; depends on data source &#39;Examples/Orders&#39;. Physical view &#39;Order View&#39; depends on data source &#39;Examples/Orders&#39;. Physical view &#39;Order View&#39; depends on data source &#39;Examples/Orders&#39;.</detailDescription>
<lastModifiedTime>1732649596000</lastModifiedTime>
</asset>
<asset>
<type>XLOGICALMODEL</type>
<path>Examples/Orders^Order Model</path>
<typeDescription>XLogicalModelAsset: [Examples/Orders^Order Model]</typeDescription>
<requiredBy>Examples/Projection, Examples/Projection, Examples/Analysis, Examples/ProductSales, Examples/ProductSales, Examples/Projection, Examples/Projection, Examples/Sales Explore, Examples/Projection, Examples/Projection</requiredBy>
<detailDescription>Assembly &#39;LastDate&#39; in Data Worksheet depends on logical model &#39;Order Model&#39; in data source &#39;Examples/Orders&#39;. Assembly &#39;Order Details&#39; in Data Worksheet depends on logical model &#39;Order Model&#39; in data source &#39;Examples/Orders&#39;. Assembly &#39;Orders&#39; in Data Worksheet depends on logical model &#39;Order Model&#39; in data source &#39;Examples/Orders&#39;. Assembly &#39;ProductInfo&#39; in Data Worksheet depends on logical model &#39;Order Model&#39; in data source &#39;Examples/Orders&#39;. Assembly &#39;SalesByDate&#39; in Data Worksheet depends on logical model &#39;Order Model&#39; in data source &#39;Examples/Orders&#39;. Assembly &#39;LastDate&#39; in Data Worksheet depends on logical model &#39;Order Model&#39; in data source &#39;Examples/Orders&#39;. Assembly &#39;Order Details&#39; in Data Worksheet depends on logical model &#39;Order Model&#39; in data source &#39;Examples/Orders&#39;. Assembly &#39;Sales&#39; in Data Worksheet depends on logical model &#39;Order Model&#39; in data source &#39;Examples/Orders&#39;. Assembly &#39;LastDate&#39; in Data Worksheet depends on logical model &#39;Order Model&#39; in data source &#39;Examples/Orders&#39;. Assembly &#39;Order Details&#39; in Data Worksheet depends on logical model &#39;Order Model&#39; in data source &#39;Examples/Orders&#39;.</detailDescription>
</asset>
<asset>
<type>XLOGICALMODEL</type>
<path>Examples/Orders^Return Model</path>
<typeDescription>XLogicalModelAsset: [Examples/Orders^Return Model]</typeDescription>
<requiredBy>Examples/Analysis</requiredBy>
<detailDescription>Assembly &#39;Returns&#39; in Data Worksheet depends on logical model &#39;Return Model&#39; in data source &#39;Examples/Orders&#39;.</detailDescription>
</asset>
<asset>
<type>XPARTITION</type>
<path>Examples/Orders^Order View</path>
<typeDescription>XPartitionAsset: [Examples/Orders^Order View]</typeDescription>
<requiredBy>Examples/Orders^Order Model, Examples/Orders^Order Model, Examples/Orders^Return Model, Examples/Orders^Order Model, Examples/Orders^Order Model, Examples/Orders^Order Model, Examples/Orders^Order Model, Examples/Orders^Return Model, Examples/Orders^Order Model</requiredBy>
<detailDescription>Logical model &#39;Order Model&#39; in data source &#39;Examples/Orders&#39; depends on Physical view &#39;Order View&#39;. Logical model &#39;Order Model&#39; in data source &#39;Examples/Orders&#39; depends on Physical view &#39;Order View&#39;. Logical model &#39;Return Model&#39; in data source &#39;Examples/Orders&#39; depends on Physical view &#39;Order View&#39;. Logical model &#39;Order Model&#39; in data source &#39;Examples/Orders&#39; depends on Physical view &#39;Order View&#39;. Logical model &#39;Order Model&#39; in data source &#39;Examples/Orders&#39; depends on Physical view &#39;Order View&#39;. Logical model &#39;Order Model&#39; in data source &#39;Examples/Orders&#39; depends on Physical view &#39;Order View&#39;. Logical model &#39;Order Model&#39; in data source &#39;Examples/Orders&#39; depends on Physical view &#39;Order View&#39;. Logical model &#39;Return Model&#39; in data source &#39;Examples/Orders&#39; depends on Physical view &#39;Order View&#39;. Logical model &#39;Order Model&#39; in data source &#39;Examples/Orders&#39; depends on Physical view &#39;Order View&#39;.</detailDescription>
</asset>
</assets>
<overwriting>true</overwriting>
</jarinfo>
