<?xml version="1.0" encoding="UTF-8"?>
<jarinfo>
<version>13.1</version>
<name>examples-new</name>
<description>
<key>Examples/Census Data</key>
<value>Data on Construction orders and employee productivity</value>
</description>
<description>
<key>Examples/Construction Data</key>
<value>Data on Construction orders and employee productivity</value>
</description>
<description>
<key>Examples/Call Center Monitoring</key>
<value>Data on Construction orders and employee productivity</value>
</description>
<description>
<key>Examples/Hurricane</key>
<value>Data on Construction orders and employee productivity</value>
</description>
<description>
<key>Examples/Sales Revenue</key>
<value>A map of the world&#39;s most and least racially tolerant countries</value>
</description>
<description>
<key>Examples/HurricaneL</key>
<value>Data on Construction orders and employee productivity</value>
</description>
<description>
<key>Examples/Census</key>
<value>Data on Construction orders and employee productivity</value>
</description>
<description>
<key>Examples/Sales Summary</key>
<value>A map of the world&#39;s most and least racially tolerant countries</value>
</description>
<description>
<key>Examples/HurricaneR</key>
<value>Data on Construction orders and employee productivity</value>
</description>
<description>
<key>Examples/Projection</key>
<value>Data on Construction orders and employee productivity</value>
</description>
<description>
<key>Examples/Construction Dashboard</key>
<value>Data on Construction orders and employee productivity</value>
</description>
<deploymentDate>2025-11-04 21:53:59</deploymentDate>
<entries>
<entry>
<type>DASHBOARD</type>
<path>Analysis__GLOBAL</path>
<user>__NULL__~;~host-org</user>
<icon>/inetsoft/sree/web/images/dashboard.png</icon>
</entry>
<entry>
<type>DASHBOARD</type>
<path>Call Center__GLOBAL</path>
<user>__NULL__~;~host-org</user>
<icon>/inetsoft/sree/web/images/dashboard.png</icon>
</entry>
<entry>
<type>DASHBOARD</type>
<path>Census__GLOBAL</path>
<user>__NULL__~;~host-org</user>
<icon>/inetsoft/sree/web/images/dashboard.png</icon>
</entry>
<entry>
<type>DASHBOARD</type>
<path>Construction__GLOBAL</path>
<user>__NULL__~;~host-org</user>
<icon>/inetsoft/sree/web/images/dashboard.png</icon>
</entry>
<entry>
<type>DASHBOARD</type>
<path>Hurricane__GLOBAL</path>
<user>__NULL__~;~host-org</user>
<icon>/inetsoft/sree/web/images/dashboard.png</icon>
</entry>
<entry>
<type>DASHBOARD</type>
<path>Projection What-if__GLOBAL</path>
<user>__NULL__~;~host-org</user>
<icon>/inetsoft/sree/web/images/dashboard.png</icon>
</entry>
<entry>
<type>DASHBOARD</type>
<path>Sales Summary__GLOBAL</path>
<user>__NULL__~;~host-org</user>
<icon>/inetsoft/sree/web/images/dashboard.png</icon>
</entry>
<entry>
<type>VIEWSHEET</type>
<path>Examples/Call Center Monitoring</path>
<user>__NULL__~;~host-org</user>
<icon>/inetsoft/sree/web/images/viewsheet.gif</icon>
<lastModifiedTime>1580992255944</lastModifiedTime>
</entry>
<entry>
<type>VIEWSHEET</type>
<path>Examples/Census</path>
<user>__NULL__~;~host-org</user>
<icon>/inetsoft/sree/web/images/viewsheet.gif</icon>
<lastModifiedTime>1527081643174</lastModifiedTime>
</entry>
<entry>
<type>VIEWSHEET</type>
<path>Examples/Construction Dashboard</path>
<user>__NULL__~;~host-org</user>
<icon>/inetsoft/sree/web/images/viewsheet.gif</icon>
<lastModifiedTime>1526565807027</lastModifiedTime>
</entry>
<entry>
<type>VIEWSHEET</type>
<path>Examples/Hurricane</path>
<user>__NULL__~;~host-org</user>
<icon>/inetsoft/sree/web/images/viewsheet.gif</icon>
<lastModifiedTime>1525187228561</lastModifiedTime>
</entry>
<entry>
<type>VIEWSHEET</type>
<path>Examples/HurricaneL</path>
<user>__NULL__~;~host-org</user>
<icon>/inetsoft/sree/web/images/viewsheet.gif</icon>
<lastModifiedTime>1614293609909</lastModifiedTime>
</entry>
<entry>
<type>VIEWSHEET</type>
<path>Examples/HurricaneR</path>
<user>__NULL__~;~host-org</user>
<icon>/inetsoft/sree/web/images/viewsheet.gif</icon>
<lastModifiedTime>1614295584232</lastModifiedTime>
</entry>
<entry>
<type>VIEWSHEET</type>
<path>Examples/Projection</path>
<user>__NULL__~;~host-org</user>
<icon>/inetsoft/sree/web/images/viewsheet.gif</icon>
<lastModifiedTime>1525376449214</lastModifiedTime>
</entry>
<entry>
<type>VIEWSHEET</type>
<path>Examples/Return Analysis</path>
<user>__NULL__~;~host-org</user>
<icon>/inetsoft/sree/web/images/viewsheet.gif</icon>
<lastModifiedTime>1531942580429</lastModifiedTime>
</entry>
<entry>
<type>VIEWSHEET</type>
<path>Examples/Sales Summary</path>
<user>__NULL__~;~host-org</user>
<icon>/inetsoft/sree/web/images/viewsheet.gif</icon>
<lastModifiedTime>1527083208708</lastModifiedTime>
</entry>
<entry>
<type>WORKSHEET</type>
<path>Examples/Analysis</path>
<user>__NULL__~;~host-org</user>
<icon>/inetsoft/sree/portal/images/modern/ws-table.gif</icon>
<lastModifiedTime>1733255062336</lastModifiedTime>
</entry>
<entry>
<type>WORKSHEET</type>
<path>Examples/Call Center Monitoring</path>
<user>__NULL__~;~host-org</user>
<icon>/inetsoft/sree/portal/images/modern/ws-table.gif</icon>
<lastModifiedTime>1524233917881</lastModifiedTime>
</entry>
<entry>
<type>WORKSHEET</type>
<path>Examples/Census Data</path>
<user>__NULL__~;~host-org</user>
<icon>/inetsoft/sree/portal/images/modern/ws-table.gif</icon>
<lastModifiedTime>1762293142531</lastModifiedTime>
</entry>
<entry>
<type>WORKSHEET</type>
<path>Examples/Construction Data</path>
<user>__NULL__~;~host-org</user>
<icon>/inetsoft/sree/portal/images/modern/ws-table.gif</icon>
<lastModifiedTime>1762293171107</lastModifiedTime>
</entry>
<entry>
<type>WORKSHEET</type>
<path>Examples/Hurricane</path>
<user>__NULL__~;~host-org</user>
<icon>/inetsoft/sree/portal/images/modern/ws-table.gif</icon>
<lastModifiedTime>1519845499330</lastModifiedTime>
</entry>
<entry>
<type>WORKSHEET</type>
<path>Examples/Map Points</path>
<user>__NULL__~;~host-org</user>
<icon>/inetsoft/sree/portal/images/modern/ws-table.gif</icon>
<lastModifiedTime>1527185199898</lastModifiedTime>
</entry>
<entry>
<type>WORKSHEET</type>
<path>Examples/Order Details</path>
<user>__NULL__~;~host-org</user>
<icon>/inetsoft/sree/portal/images/modern/ws-table.gif</icon>
<lastModifiedTime>1526483737752</lastModifiedTime>
</entry>
<entry>
<type>WORKSHEET</type>
<path>Examples/ProductSales</path>
<user>__NULL__~;~host-org</user>
<icon>/inetsoft/sree/portal/images/modern/ws-table.gif</icon>
<lastModifiedTime>1527185199710</lastModifiedTime>
</entry>
<entry>
<type>WORKSHEET</type>
<path>Examples/Projection</path>
<user>__NULL__~;~host-org</user>
<icon>/inetsoft/sree/portal/images/modern/ws-table.gif</icon>
<lastModifiedTime>1519845515290</lastModifiedTime>
</entry>
<entry>
<type>WORKSHEET</type>
<path>Examples/Sales Explore</path>
<user>__NULL__~;~host-org</user>
<icon>/inetsoft/sree/portal/images/modern/ws-table.gif</icon>
<lastModifiedTime>1527185199220</lastModifiedTime>
</entry>
<entry>
<type>WORKSHEET</type>
<path>Examples/Sales Revenue</path>
<user>__NULL__~;~host-org</user>
<icon>/inetsoft/sree/portal/images/modern/ws-table.gif</icon>
<lastModifiedTime>1526483543428</lastModifiedTime>
</entry>
<entry>
<type>WORKSHEET</type>
<path>Sample Queries/All Sales</path>
<user>__NULL__~;~host-org</user>
<icon>/inetsoft/sree/portal/images/modern/ws-table.gif</icon>
<lastModifiedTime>1733861450967</lastModifiedTime>
</entry>
<entry>
<type>WORKSHEET</type>
<path>Sample Queries/Fast Go Game</path>
<user>__NULL__~;~host-org</user>
<icon>/inetsoft/sree/portal/images/modern/ws-table.gif</icon>
<lastModifiedTime>1733861659242</lastModifiedTime>
</entry>
<entry>
<type>WORKSHEET</type>
<path>Sample Queries/Wireless Mouse</path>
<user>__NULL__~;~host-org</user>
<icon>/inetsoft/sree/portal/images/modern/ws-table.gif</icon>
<lastModifiedTime>1733861816093</lastModifiedTime>
</entry>
<entry>
<type>WORKSHEET</type>
<path>Sample Queries/customers</path>
<user>__NULL__~;~host-org</user>
<icon>/inetsoft/sree/portal/images/modern/ws-table.gif</icon>
<lastModifiedTime>1705287896662</lastModifiedTime>
</entry>
<entry>
<type>WORKSHEET</type>
<path>Sample Queries/sales by state</path>
<user>__NULL__~;~host-org</user>
<icon>/inetsoft/sree/portal/images/modern/ws-table.gif</icon>
<lastModifiedTime>1733861753377</lastModifiedTime>
</entry>
<entry>
<type>XLOGICALMODEL</type>
<path>Examples/Orders^Order Model</path>
<user>__NULL__~;~host-org</user>
<icon>/inetsoft/sree/portal/images/modern/logical.gif</icon>
<lastModifiedTime>1762293110295</lastModifiedTime>
</entry>
<entry>
<type>XLOGICALMODEL</type>
<path>Examples/Orders^Return Model</path>
<user>__NULL__~;~host-org</user>
<icon>/inetsoft/sree/portal/images/modern/logical.gif</icon>
<lastModifiedTime>1762293109451</lastModifiedTime>
</entry>
<entry>
<type>XPARTITION</type>
<path>Examples/Orders^Order View</path>
<user>__NULL__~;~host-org</user>
<icon>/inetsoft/sree/portal/images/modern/partition.gif</icon>
</entry>
</entries>
<assets>
<asset>
<type>DEVICE</type>
<path>8795d12e-90e7-4146-8b1c-7daafc0f2806</path>
<typeDescription>Extra small devices</typeDescription>
<requiredBy>Examples/Return Analysis, Examples/Call Center Monitoring, Examples/Census, Examples/Construction Dashboard, Examples/Hurricane, Examples/Projection, Examples/Sales Summary, Examples/Call Center Monitoring, Examples/Census, Examples/Construction Dashboard, Examples/Hurricane, Examples/Projection, Examples/Return Analysis, Examples/Sales Summary</requiredBy>
<detailDescription>Dashboard/Examples/Return Analysis depends on Device Extra small devices. Dashboard/Examples/Call Center Monitoring depends on Device Extra small devices. Dashboard/Examples/Census depends on Device Extra small devices. Dashboard/Examples/Construction Dashboard depends on Device Extra small devices. Dashboard/Examples/Hurricane depends on Device Extra small devices. Dashboard/Examples/Projection depends on Device Extra small devices. Dashboard/Examples/Sales Summary depends on Device Extra small devices. Dashboard/Examples/Call Center Monitoring depends on Device Extra small devices. Dashboard/Examples/Census depends on Device Extra small devices. Dashboard/Examples/Construction Dashboard depends on Device Extra small devices. Dashboard/Examples/Hurricane depends on Device Extra small devices. Dashboard/Examples/Projection depends on Device Extra small devices. Dashboard/Examples/Return Analysis depends on Device Extra small devices. Dashboard/Examples/Sales Summary depends on Device Extra small devices.</detailDescription>
</asset>
<asset>
<type>DEVICE</type>
<path>72d90961-cfc1-4b88-9ba6-d5431f63e1ac</path>
<typeDescription>Large devices</typeDescription>
<requiredBy>Examples/Call Center Monitoring, Examples/Call Center Monitoring</requiredBy>
<detailDescription>Dashboard/Examples/Call Center Monitoring depends on Device Large devices. Dashboard/Examples/Call Center Monitoring depends on Device Large devices.</detailDescription>
</asset>
<asset>
<type>DEVICE</type>
<path>75a882db-8a62-4d4e-904f-854e8ad1e7ac</path>
<typeDescription>Medium devices</typeDescription>
<requiredBy>Examples/Return Analysis, Examples/Call Center Monitoring, Examples/Construction Dashboard, Examples/Hurricane, Examples/Projection, Examples/Sales Summary, Examples/Call Center Monitoring, Examples/Construction Dashboard, Examples/Hurricane, Examples/Projection, Examples/Return Analysis, Examples/Sales Summary</requiredBy>
<detailDescription>Dashboard/Examples/Return Analysis depends on Device Medium devices. Dashboard/Examples/Call Center Monitoring depends on Device Medium devices. Dashboard/Examples/Construction Dashboard depends on Device Medium devices. Dashboard/Examples/Hurricane depends on Device Medium devices. Dashboard/Examples/Projection depends on Device Medium devices. Dashboard/Examples/Sales Summary depends on Device Medium devices. Dashboard/Examples/Call Center Monitoring depends on Device Medium devices. Dashboard/Examples/Construction Dashboard depends on Device Medium devices. Dashboard/Examples/Hurricane depends on Device Medium devices. Dashboard/Examples/Projection depends on Device Medium devices. Dashboard/Examples/Return Analysis depends on Device Medium devices. Dashboard/Examples/Sales Summary depends on Device Medium devices.</detailDescription>
</asset>
<asset>
<type>DEVICE</type>
<path>409f3e4a-505e-41f3-a199-0f2b5eb63139</path>
<typeDescription>Small devices</typeDescription>
<requiredBy>Examples/Return Analysis, Examples/Call Center Monitoring, Examples/Census, Examples/Construction Dashboard, Examples/Hurricane, Examples/Projection, Examples/Sales Summary, Examples/Call Center Monitoring, Examples/Census, Examples/Construction Dashboard, Examples/Hurricane, Examples/Projection, Examples/Return Analysis, Examples/Sales Summary</requiredBy>
<detailDescription>Dashboard/Examples/Return Analysis depends on Device Small devices. Dashboard/Examples/Call Center Monitoring depends on Device Small devices. Dashboard/Examples/Census depends on Device Small devices. Dashboard/Examples/Construction Dashboard depends on Device Small devices. Dashboard/Examples/Hurricane depends on Device Small devices. Dashboard/Examples/Projection depends on Device Small devices. Dashboard/Examples/Sales Summary depends on Device Small devices. Dashboard/Examples/Call Center Monitoring depends on Device Small devices. Dashboard/Examples/Census depends on Device Small devices. Dashboard/Examples/Construction Dashboard depends on Device Small devices. Dashboard/Examples/Hurricane depends on Device Small devices. Dashboard/Examples/Projection depends on Device Small devices. Dashboard/Examples/Return Analysis depends on Device Small devices. Dashboard/Examples/Sales Summary depends on Device Small devices.</detailDescription>
</asset>
<asset>
<type>SCRIPT</type>
<path>setDimColor</path>
<typeDescription>ScriptAsset: [setDimColor]</typeDescription>
<requiredBy>Examples/Call Center Monitoring, Examples/Call Center Monitoring</requiredBy>
<detailDescription>Viewsheet &#39;Examples/Call Center Monitoring&#39; depends on Script &#39;setDimColor&#39;. Viewsheet &#39;Examples/Call Center Monitoring&#39; depends on Script &#39;setDimColor&#39;.</detailDescription>
<lastModifiedTime>1733242105937</lastModifiedTime>
</asset>
<asset>
<type>TABLESTYLE</type>
<path>BorderedLightBands</path>
<typeDescription>TableStyleAsset: [BorderedLightBands]</typeDescription>
<requiredBy>Examples/Return Analysis, Examples/Return Analysis</requiredBy>
<detailDescription>Assembly &#39;Details&#39; in Dashboard depends on table style &#39;BorderedLightBands&#39;. Assembly &#39;Details&#39; in Dashboard depends on table style &#39;BorderedLightBands&#39;.</detailDescription>
</asset>
<asset>
<type>XDATASOURCE</type>
<path>Examples/Orders</path>
<typeDescription>XDataSourceAsset: [Examples/Orders]</typeDescription>
<requiredBy>Examples/Orders^Order View, Examples/Orders^Order View, Examples/Orders^Order View, Examples/Orders^Order View, Examples/Orders^Order View, Examples/Orders^Order View, Sample Queries/All Sales, Sample Queries/Fast Go Game, Sample Queries/Wireless Mouse, Sample Queries/customers, Sample Queries/sales by state, Examples/Orders^Order View, Examples/Orders^Order View, Examples/Orders^Order View</requiredBy>
<detailDescription>Physical view &#39;Order View&#39; depends on data source &#39;Examples/Orders&#39;. Physical view &#39;Order View&#39; depends on data source &#39;Examples/Orders&#39;. Physical view &#39;Order View&#39; depends on data source &#39;Examples/Orders&#39;. Physical view &#39;Order View&#39; depends on data source &#39;Examples/Orders&#39;. Physical view &#39;Order View&#39; depends on data source &#39;Examples/Orders&#39;. Physical view &#39;Order View&#39; depends on data source &#39;Examples/Orders&#39;. Assembly &#39;All Sales&#39; in Data Worksheet depends on physical table &#39;Examples/Orders&#39; in data source &#39;Examples/Orders&#39;. Assembly &#39;Fast Go Game&#39; in Data Worksheet depends on physical table &#39;Examples/Orders&#39; in data source &#39;Examples/Orders&#39;. Assembly &#39;Wireless Mouse&#39; in Data Worksheet depends on physical table &#39;Examples/Orders&#39; in data source &#39;Examples/Orders&#39;. Assembly &#39;customers&#39; in Data Worksheet depends on physical table &#39;Examples/Orders&#39; in data source &#39;Examples/Orders&#39;. Assembly &#39;sales by state&#39; in Data Worksheet depends on physical table &#39;Examples/Orders&#39; in data source &#39;Examples/Orders&#39;. Physical view &#39;Order View&#39; depends on data source &#39;Examples/Orders&#39;. Physical view &#39;Order View&#39; depends on data source &#39;Examples/Orders&#39;. Physical view &#39;Order View&#39; depends on data source &#39;Examples/Orders&#39;.</detailDescription>
<lastModifiedTime>1732649596429</lastModifiedTime>
</asset>
</assets>
<overwriting>true</overwriting>
</jarinfo>
