MEX0001|21.88333|-102.3
MEX0002|32.65194|-115.46833
MEX0003|24.16667|-110.3
MEX0004|19.85|-90.53333
MEX0005|28.63333|-106.08333
MEX0006|16.75|-93.11667
MEX0007|25.41667|-101
MEX0008|19.23333|-103.71667
MEX0009|19.43417|-99.13861
MEX0010|24.03333|-104.66667
MEX0011|17.55|-99.5
MEX0012|21.01667|-101.25
MEX0013|20.11667|-98.73333
MEX0014|20.66667|-103.33333
MEX0015|19.28833|-99.66722
MEX0016|19.7|-101.11667
MEX0017|18.91667|-99.25
MEX0018|21.51667|-104.88333
MEX0020|25.66667|-100.31667
MEX0021|17.05|-96.71667
MEX0022|19.05|-98.2
MEX0023|20.6|-100.38333
MEX0024|18.5|-88.3
MEX0025|24.79944|-107.38972
MEX0026|22.15|-100.98333
MEX0027|29.06667|-110.96667
MEX0028|17.98333|-92.91667
MEX0029|23.73333|-99.13333
MEX0030|19.31389|-98.24167
MEX0031|19.53333|-96.91667
MEX0032|20.96667|-89.61667
MEX0033|32.50001752|-117.079996
MEX0034|31.69037701|-106.4900481
MEX0035|25.57005292|-103.4200029
MEX0036|21.1499868|-101.7000304
MEX0037|19.41001548|-99.02998661

MEX0038|19.6097|-99.0600
MEX0039|21.1167|-101.6833
MEX0040|20.7167|-103.4000
MEX0041|31.7386|-106.4870
MEX0042|19.4100|-99.0300
MEX0043|19.4753|-99.2378
MEX0044|21.1606|-86.8475
MEX0045|20.4736|-103.4431
MEX0046|25.6775|-100.2597
MEX0047|16.8636|-99.8825
MEX0048|20.6167|-103.3167
MEX0049|23.2167|-106.4167
MEX0050|19.5367|-99.1947
MEX0051|19.4167|-98.9000
MEX0052|16.7528|-93.1167
MEX0053|20.6667|-101.3500
MEX0054|26.0922|-98.2778
MEX0055|20.6167|-103.2333
MEX0056|31.8578|-116.6058
MEX0057|25.8797|-97.5042
MEX0058|19.6450|-99.1694
MEX0059|25.7833|-100.1833
MEX0060|19.3186|-98.8822
MEX0061|19.5500|-99.2833
MEX0062|20.5222|-100.8122
MEX0063|25.7835|-108.9937
MEX0064|25.7500|-100.2833
MEX0065|19.1903|-96.1533
MEX0066|27.4861|-99.5069
MEX0067|19.7131|-98.9683
MEX0068|18.8500|-97.1000
MEX0069|17.9833|-94.5500
MEX0070|14.9000|-92.2667
MEX0071|19.4208|-102.0628
MEX0072|25.5611|-103.4983
MEX0073|20.5703|-101.1972
MEX0074|27.4939|-109.9389
MEX0075|22.1833|-100.9333
MEX0076|25.5744|-108.4706
MEX0077|18.4617|-97.3928
MEX0078|18.1500|-94.4333
MEX0079|20.6275|-87.0811
MEX0080|19.2647|-98.8975
MEX0081|25.6833|-100.4500
MEX0082|20.3833|-99.9833
MEX0083|25.7933|-100.1583
MEX0084|22.2553|-97.8686
MEX0085|31.3186|-110.9458
MEX0086|25.6500|-100.0833
MEX0087|22.7528|-102.5078
MEX0088|23.1750|-102.8675
MEX0089|19.3611|-99.3508
MEX0090|19.9833|-102.2833
MEX0091|20.6458|-105.2222
MEX0092|20.5333|-97.4500
MEX0093|22.2500|-97.8333
MEX0094|18.8167|-98.9500
MEX0095|32.4767|-114.7625
MEX0096|19.8178|-97.3667
MEX0097|19.4167|-98.9000
MEX0098|19.2833|-98.4333
MEX0099|21.9833|-99.0167
MEX0100|18.6333|-91.8333
MEX0101|16.2511|-92.1342
MEX0102|21.3564|-101.9292
MEX0103|18.4487|-95.2126
MEX0104|28.7000|-100.5231
MEX0105|28.4050|-106.8667
MEX0106|18.8833|-99.1667
MEX0107|29.3242|-100.9317
MEX0108|19.2693|-98.4283
MEX0109|18.1000|-96.1167
MEX0110|20.0833|-98.3667
MEX0111|20.4478|-97.3200
MEX0112|16.7367|-92.6383
MEX0113|28.1667|-110.6667
MEX0114|20.9344|-89.5578
MEX0115|19.5689|-99.7669
MEX0116|28.1931|-105.4717
MEX0117|20.3928|-101.1969
MEX0118|20.4311|-101.7222
MEX0119|25.8167|-100.5833
MEX0120|19.6500|-99.2500
MEX0121|20.8170|-102.7330
MEX0122|18.3500|-99.5333
MEX0123|23.0614|-109.7081
MEX0124|19.6850|-99.1281
MEX0125|19.0886|-102.3508
MEX0126|19.0633|-98.3064
MEX0127|21.1333|-98.4167
MEX0128|25.5330|-103.2500
MEX0129|19.2500|-103.7333
MEX0130|25.6667|-100.3000
MEX0131|16.3078|-91.9683
MEX0132|19.6917|-100.5536
MEX0133|17.5944|-99.1778
MEX0134|27.0813|-109.4461
MEX0135|19.8333|-98.9833
MEX0136|19.6833|-99.1833
MEX0137|20.0667|-97.0500
MEX0138|27.9183|-110.8989
MEX0139|19.7072|-99.7867
MEX0140|28.2000|-105.5000
MEX0141|26.9333|-105.6667
MEX0142|19.0522|-104.3158
MEX0143|20.9500|-97.4000
MEX0144|19.4686|-99.5933
MEX0145|25.9861|-98.0889
MEX0146|32.3636|-117.0544
MEX0147|19.5200|-98.8800
MEX0148|19.7000|-103.4667
MEX0149|21.3500|-98.2333
MEX0150|19.4553|-96.9586
MEX0151|21.3000|-100.5167
MEX0152|18.9089|-103.8747
MEX0153|17.9561|-102.1922
MEX0154|17.9422|-94.9103
MEX0155|20.3000|-97.9667
MEX0156|20.6525|-103.7028
MEX0157|19.4167|-98.1333
MEX0158|16.1949|-95.2151
MEX0159|19.2356|-101.4569
MEX0160|25.5500|-103.5167
MEX0161|20.5104|-86.9493
MEX0162|32.5728|-116.6267
MEX0163|20.9478|-101.4281
MEX0164|16.4360|-95.0198
MEX0165|19.5833|-102.4667
MEX0166|18.9058|-100.1528
MEX0167|26.9260|-101.4490
MEX0168|19.5620|-97.2420
MEX0169|20.9142|-100.7436
MEX0170|21.2667|-98.7833
MEX0171|21.1516|-100.9369
MEX0172|18.8500|-97.0667
MEX0173|21.9300|-99.9800
MEX0174|23.6528|-100.6444
MEX0175|22.8897|-109.9156
MEX0176|19.9333|-96.8500
MEX0177|25.5500|-100.9667
MEX0178|25.6736|-97.8144
MEX0179|19.1489|-96.9661
MEX0180|30.7167|-112.1500
MEX0181|20.4830|-100.9330
MEX0182|22.3375|-97.8694
MEX0183|25.4639|-108.0794
MEX0184|20.0361|-100.7314
MEX0185|18.3667|-95.8000
MEX0186|27.8489|-101.1200
MEX0187|24.8604|-99.5700
MEX0188|18.6058|-96.6875
MEX0189|16.3412|-98.0537
MEX0190|19.7969|-99.0992
MEX0191|19.3133|-97.9228
MEX0192|30.4167|-107.9167
MEX0193|18.9817|-97.7822
MEX0194|22.9125|-109.9208
MEX0195|16.7083|-93.0169
MEX0196|25.7578|-102.9831
MEX0197|25.7753|-103.2731
MEX0198|16.9072|-92.0961
MEX0199|19.2102|-102.5869
MEX0200|20.6894|-88.2017
MEX0201|27.1300|-104.9067
MEX0202|22.2667|-101.9833
MEX0203|21.1425|-88.1647
MEX0204|17.5461|-98.5764
MEX0205|20.0333|-97.5167
MEX0206|28.2722|-105.4819
MEX0207|20.2119|-87.4658
MEX0208|16.9508|-96.7492
MEX0209|25.0322|-111.6703
MEX0210|17.0794|-96.7869
MEX0211|17.9703|-94.7144
MEX0212|19.5036|-96.6192
MEX0213|19.7756|-99.2056
MEX0214|19.7442|-99.1811
MEX0215|20.2156|-100.8961
MEX0216|19.6500|-102.0667
MEX0217|27.9617|-110.8125
MEX0218|27.9390|-101.2180
MEX0219|17.8333|-95.8167
MEX0220|20.8833|-89.7500
MEX0221|18.0000|-95.4000
MEX0222|27.8775|-101.5164
MEX0223|16.0894|-93.7514
MEX0224|18.2394|-96.4031
MEX0225|19.4170|-97.0000
MEX0226|19.2167|-98.2333
MEX0227|17.8833|-94.9500
MEX0228|20.5486|-104.0431
MEX0229|19.9319|-97.9600
MEX0230|30.9819|-110.3006
MEX0231|18.9167|-97.1333
MEX0232|19.0194|-102.1089
MEX0233|16.3283|-96.5961
MEX0234|22.0500|-98.1833
MEX0235|16.7601|-92.7236
MEX0236|19.9333|-105.2333
MEX0237|22.9822|-105.7031
MEX0238|17.4756|-91.4225
MEX0239|18.9625|-101.8069
MEX0240|17.8658|-93.1472
MEX0241|20.5170|-100.9830
MEX0242|18.2333|-94.8667
MEX0243|18.0667|-94.4167
MEX0244|20.4511|-101.5289
MEX0245|17.0321|-97.9293
MEX0246|16.6833|-98.4167
MEX0247|20.3953|-89.5339
MEX0248|25.4403|-102.1792
MEX0249|18.9667|-96.7167
MEX0250|19.2850|-96.4400
MEX0251|19.6270|-103.4170
MEX0252|19.5869|-98.5683
MEX0253|19.3375|-102.3631
MEX0254|17.8833|-95.1333
MEX0255|19.1238|-98.7665
MEX0256|22.1500|-102.2667
MEX0257|18.4167|-95.1167
MEX0258|19.1333|-97.6500
MEX0259|30.6167|-111.0500
MEX0260|26.5000|-100.1833
MEX0261|18.6067|-90.7344
MEX0262|26.8275|-109.6422
MEX0263|17.6500|-99.5000
MEX0264|19.7714|-98.5803
MEX0265|19.0447|-96.4233
MEX0266|23.7823|-105.3585
MEX0267|20.2670|-98.9330
MEX0268|19.3333|-98.1667
MEX0269|19.3500|-90.7167
MEX0270|26.7833|-101.4167
MEX0271|19.5661|-100.4625
MEX0272|18.9000|-97.1500
MEX0273|20.2944|-102.7097
MEX0274|21.8667|-105.4500
MEX0275|15.8619|-97.0672
MEX0276|20.2019|-89.2881
MEX0277|18.5336|-92.6469
MEX0278|18.9267|-97.7983
MEX0279|18.5667|-97.4333
MEX0280|19.1464|-102.2194
MEX0281|18.8167|-97.0667
MEX0282|21.0153|-89.8744
MEX0283|18.3676|-97.3004
MEX0284|17.5667|-99.4000
MEX0285|19.3167|-98.2283
MEX0286|19.6833|-101.9500
MEX0287|23.6333|-103.6397
MEX0288|20.2933|-103.1897
MEX0289|18.3583|-100.6667
MEX0290|21.2000|-97.7331
MEX0291|19.7167|-99.0500
MEX0292|27.0625|-101.5467
MEX0293|18.3667|-95.7500
MEX0294|17.9000|-94.8167
MEX0295|20.7000|-97.3000
MEX0296|17.2077|-97.6798
MEX0297|20.3028|-89.4183
MEX0298|21.1667|-89.4667
MEX0299|17.2000|-100.4333
MEX0300|21.8110|-105.2079
MEX0301|19.0122|-97.0328
MEX0302|19.5500|-98.9000
MEX0303|16.9542|-96.4792
MEX0304|29.5644|-104.4164
MEX0305|19.2038|-103.8086
MEX0306|20.4667|-102.1500
MEX0307|17.7667|-96.3000
MEX0308|19.8100|-102.7047
MEX0309|18.9000|-97.0000
MEX0310|28.3333|-100.8333
MEX0311|18.2167|-94.8333
MEX0312|20.1256|-88.9214
MEX0313|26.4003|-99.0253
MEX0314|17.7833|-94.6333
MEX0315|16.8667|-96.7833
MEX0316|19.0667|-97.9667
MEX0317|19.3667|-96.3667
MEX0318|15.4417|-92.8917
MEX0319|28.8386|-105.9111
MEX0320|27.9167|-101.4167
MEX0321|18.2500|-94.7667
MEX0322|16.9000|-99.2167
MEX0323|16.5533|-92.8069
MEX0324|18.7833|-103.1667
MEX0325|18.2086|-98.0575
MEX0326|20.6550|-87.9372
MEX0327|19.7539|-100.3377
MEX0328|17.2500|-100.6833
MEX0329|18.2667|-94.6833
MEX0330|22.9922|-105.8572
MEX0331|22.4004|-105.4600
MEX0332|31.7958|-116.5911
MEX0333|18.3000|-99.3500
MEX0334|18.9853|-99.0997
MEX0335|20.0397|-98.3575
MEX0336|24.4497|-104.1225
MEX0337|14.6792|-92.1497
MEX0338|22.0103|-99.6522
MEX0339|20.9314|-89.0178
MEX0340|15.7753|-96.1425
MEX0341|23.9214|-106.8919
MEX0342|19.2500|-97.7833
MEX0343|19.3167|-96.9000
MEX0344|26.0128|-111.3433
MEX0345|18.0000|-94.6667
MEX0346|19.9092|-102.0036
MEX0347|18.9219|-97.7708
MEX0348|23.7500|-103.9833
MEX0349|19.8333|-96.7000
MEX0350|16.2379|-97.2914
MEX0351|27.3389|-112.2669
MEX0352|19.5833|-101.7167
MEX0353|19.2172|-98.9090
MEX0354|19.9667|-97.6833
MEX0355|23.1883|-106.2158
MEX0356|24.2910|-103.3940
MEX0357|17.8000|-91.5300
MEX0358|20.6667|-99.8833
MEX0359|26.8194|-107.0700
MEX0360|18.2833|-97.2833
MEX0361|27.9589|-114.0561
MEX0362|19.0667|-98.4833
MEX0363|20.3667|-90.0500
MEX0364|30.7264|-115.9903
MEX0365|21.5167|-98.3833
MEX0366|30.3833|-109.6833
MEX0367|16.3662|-93.0067
MEX0368|19.2092|-99.5858
MEX0369|17.0667|-96.6833
MEX0370|19.1833|-98.3000
MEX0371|18.7781|-98.9850
MEX0372|22.9194|-98.0736
MEX0373|31.0928|-107.9964
MEX0374|18.5969|-95.4453
MEX0375|16.1848|-93.2677
MEX0376|21.2084|-86.7115
MEX0377|27.1278|-109.8426
MEX0378|15.8725|-92.7250
MEX0379|24.8875|-105.0728
MEX0380|19.2000|-104.6833
MEX0381|19.1528|-98.1069
MEX0382|28.0333|-105.2833
MEX0383|16.4401|-95.4434
MEX0384|19.4181|-99.3228
MEX0385|19.1481|-99.5800
MEX0386|26.4214|-108.6200
MEX0387|20.7000|-99.8167
MEX0388|16.3014|-97.9125
MEX0389|23.1500|-109.7000
MEX0390|15.3193|-92.6586
MEX0391|20.3167|-90.0500
MEX0392|16.4167|-97.9833
MEX0393|16.7361|-92.0389
MEX0394|18.3000|-98.6039
MEX0395|17.1656|-99.5264
MEX0396|23.9667|-104.0333
MEX0397|31.8614|-112.8544
MEX0398|32.5842|-115.5842
MEX0399|20.5833|-89.9833
MEX0400|19.6500|-96.9333
MEX0401|20.4800|-89.7200
MEX0402|24.8667|-103.7000
MEX0403|19.8000|-90.6000
MEX0404|24.5200|-104.7800
MEX0405|18.1500|-96.5000
MEX0406|23.1226|-109.7120
MEX0407|26.8667|-109.6500
MEX0408|22.8281|-98.4306
MEX0409|22.3536|-102.8831
MEX0410|20.2656|-89.3478
MEX0411|17.2714|-100.8911
MEX0412|17.6550|-99.6740
MEX0413|18.8931|-98.7297
MEX0414|21.2833|-98.3667
MEX0415|21.0022|-89.3936
MEX0416|20.8133|-89.4524
MEX0417|20.1178|-102.5667
MEX0418|17.5931|-92.8258
MEX0419|27.0500|-109.4167
MEX0420|26.9861|-102.0664
MEX0421|27.9700|-107.6003
MEX0422|26.1167|-103.4500
MEX0423|18.9167|-97.8167
MEX0424|23.0000|-99.7200
MEX0425|27.4150|-110.2450
MEX0426|17.0667|-96.6500
MEX0427|19.2322|-98.5017
MEX0428|19.0224|-98.3445
MEX0429|28.4800|-106.7442
MEX0430|20.8583|-90.4000
MEX0431|18.8457|-96.9149
MEX0432|22.9958|-98.9447
MEX0433|19.5922|-96.9819
MEX0434|20.5322|-89.3314
MEX0435|26.7061|-108.3219
MEX0436|20.0708|-89.0506
MEX0437|20.2667|-97.7167
MEX0438|18.6167|-95.6667
MEX0439|25.9500|-109.2833
MEX0440|19.3281|-103.6028
MEX0441|28.4778|-107.3317
MEX0442|23.2883|-106.0675
MEX0443|20.4764|-90.0819
MEX0444|15.3408|-92.6747
MEX0445|21.4656|-100.8736
MEX0446|18.4500|-97.8167
MEX0447|18.7667|-98.9833
MEX0448|18.7167|-98.4500
MEX0449|16.3064|-97.5461
MEX0450|21.1000|-87.4833
MEX0451|19.1831|-99.4583
MEX0452|28.9833|-111.9333
MEX0453|30.6186|-106.5122
MEX0454|21.7667|-98.4500
MEX0455|28.3897|-105.6236
MEX0456|30.7136|-111.8353
MEX0457|27.5833|-109.9667
MEX0458|20.1000|-97.4000
MEX0459|19.0500|-95.9833
MEX0460|21.2017|-88.7928
MEX0461|16.3394|-94.5150
MEX0462|17.6750|-97.5714
MEX0463|18.8167|-97.1500
MEX0464|19.7444|-89.8453
MEX0465|28.5939|-105.8878
MEX0466|32.7153|-114.7289
MEX0467|21.8772|-102.6756
MEX0468|16.6500|-98.1000
MEX0469|20.0333|-90.2167
MEX0470|20.9922|-87.2028
MEX0471|21.0000|-102.6167
MEX0472|16.8031|-96.6839
MEX0473|20.8042|-88.2028
MEX0474|20.4414|-90.0275
MEX0475|18.7007|-97.7766
MEX0476|24.7894|-112.1083
MEX0477|20.6981|-88.5886
MEX0478|20.3997|-89.2844
MEX0479|24.0833|-105.9333
MEX0480|18.5544|-88.2583
MEX0481|17.1667|-96.8167
MEX0482|26.0950|-106.9644
MEX0483|19.9828|-101.7606
MEX0484|21.2964|-88.2706
MEX0485|25.9333|-105.3667
MEX0486|27.5800|-109.9298
MEX0487|25.3653|-108.1622
MEX0488|23.8500|-104.2333
MEX0489|30.6761|-112.0539
MEX0490|20.8583|-87.6681
MEX0491|20.0028|-97.6917
MEX0492|21.2939|-89.6083
MEX0493|17.0264|-96.7333
MEX0494|16.7500|-93.3667
MEX0495|31.3258|-109.5489
MEX0496|19.8933|-100.4428
MEX0497|19.9519|-99.5328
MEX0498|18.9000|-98.4500
MEX0499|25.5655|-108.4718
MEX0500|22.7333|-98.9500
MEX0501|19.5786|-88.0453
MEX0502|20.6500|-101.0000
MEX0503|20.0575|-102.7239
MEX0504|19.4333|-100.0000
MEX0505|26.6667|-109.3500
MEX0506|17.3000|-92.4333
MEX0507|18.8667|-97.7167
MEX0508|16.0175|-91.9334
MEX0509|21.0228|-101.8600
MEX0510|21.2489|-102.3304
MEX0511|21.0333|-101.8667
MEX0512|20.6228|-103.0689
MEX0513|20.3500|-103.1833
MEX0514|20.2833|-102.5667
MEX0515|18.5667|-97.2500
MEX0516|17.6444|-101.5511
MEX0517|16.3000|-92.6000
MEX0518|19.2739|-99.4606
MEX0519|19.7072|-99.7867
MEX0520|16.3184|-95.2478
MEX0521|20.4500|-100.6167
MEX0522|17.5500|-92.3333
MEX0523|31.3167|-113.5369
MEX0524|19.7667|-104.3667
MEX0525|19.7083|-99.1444
MEX0526|22.1833|-97.8333
MEX0527|18.4654|-95.3000
MEX0528|20.1881|-100.1439
MEX0529|15.1429|-92.5122
MEX0530|18.6882|-97.6489
MEX0531|20.6833|-98.0167
MEX0532|21.5167|-102.2333
MEX0533|15.6867|-93.2092
MEX0534|19.3747|-100.1475
MEX0535|18.5564|-99.6050
MEX0536|16.7985|-93.2716
MEX0537|17.0667|-96.6833
MEX0538|19.7856|-98.5517
MEX0539|16.0000|-97.1169
MEX0540|19.3167|-98.1833
MEX0541|18.9833|-97.4500
MEX0542|20.2863|-103.4304
MEX0543|18.5333|-96.6167
MEX0544|15.8500|-96.3333
MEX0545|20.1500|-98.4333
MEX0546|27.1500|-107.3167
MEX0547|17.8097|-97.7764
MEX0548|25.1872|-99.8267
MEX0549|18.2367|-96.1369
MEX0550|17.1500|-92.7167
MEX0551|18.6642|-97.0011
MEX0552|16.8500|-92.4167
MEX0553|24.7260|-102.9840
MEX0554|18.1500|-95.1500
MEX0555|21.9667|-102.3500
MEX0556|18.3256|-100.6992
MEX0557|20.8794|-103.8356
MEX0558|27.6670|-105.1670
MEX0559|16.8722|-95.0417
MEX0560|18.8031|-96.0611
MEX0561|19.7000|-98.4333
MEX0562|16.6683|-93.6444
MEX0563|24.8333|-100.0667
MEX0564|21.1719|-98.6064
MEX0565|17.1667|-92.3333
MEX0566|20.2311|-99.2131
MEX0567|21.2800|-89.6700
MEX0568|18.9000|-99.7167
MEX0569|20.7303|-101.9533
MEX0570|19.8836|-103.5972
MEX0571|20.3667|-101.0667
MEX0572|19.7500|-88.7000
MEX0573|18.6833|-99.1833
MEX0574|19.8889|-102.2050
MEX0575|15.0319|-92.3844
MEX0576|16.9953|-92.8903
MEX0577|19.0000|-99.4000
MEX0578|20.7333|-99.3833
MEX0579|19.7167|-99.0667
MEX0580|19.9039|-99.3414
MEX0581|19.8000|-98.9000
MEX0582|21.4833|-101.2167
MEX0583|19.2000|-99.4667
MEX0584|15.1500|-92.4167
MEX0585|17.5383|-101.2739
MEX0586|19.0433|-100.0414
MEX0587|19.0500|-101.4167
MEX0588|20.5333|-99.6333
MEX0589|17.5000|-93.1167
MEX0590|15.4333|-92.1167
MEX0591|19.5731|-98.8203
MEX0592|19.1811|-99.4164
MEX0593|20.5206|-99.8958
MEX0594|19.0392|-98.7936
MEX0595|19.0997|-98.8792
MEX0596|15.2167|-92.5667
MEX0597|28.4214|-100.7675
MEX0598|16.3556|-92.3672
MEX0599|20.2333|-103.5833
MEX0600|18.0667|-96.5333
MEX0601|18.5167|-97.0500
MEX0602|19.6638|-101.5240
MEX0603|21.3642|-102.8464
MEX0604|19.8052|-100.1741
MEX0605|18.9200|-100.2983
MEX0606|25.9667|-100.3000
MEX0607|19.0000|-98.7167
MEX0608|16.9667|-95.0833
MEX0609|19.9167|-98.6667
MEX0610|20.6258|-101.6739
MEX0611|20.0583|-99.2208
MEX0612|21.0131|-98.8442
MEX0613|16.8000|-92.9000
MEX0614|20.1144|-98.8867
MEX0615|20.0953|-99.2200
MEX0616|17.2833|-92.5500
MEX0617|18.6500|-100.1500
MEX0618|19.7511|-99.0931
MEX0619|20.6500|-98.6500
MEX0620|15.8833|-96.9167
MEX0621|19.1594|-98.4073
MEX0622|21.2167|-99.4725
MEX0623|15.7458|-96.5472
MEX0624|18.8667|-99.9500
MEX0625|19.4833|-104.6500
MEX0626|16.0167|-96.6167
MEX0627|18.3961|-93.2128
MEX0628|18.9894|-97.4470
MEX0629|20.4797|-97.0100
MEX0630|19.1833|-102.8500
MEX0631|18.7550|-97.1522
MEX0632|17.1667|-95.7833
MEX0633|20.6992|-103.9556
MEX0634|21.1425|-100.3192
MEX0635|16.9972|-96.7817
MEX0636|17.1667|-92.6833
MEX0637|21.6667|-97.8500
MEX0638|20.5333|-102.7833
MEX0639|21.2788|-97.4462
MEX0640|24.8304|-105.3400
MEX0641|17.0667|-92.7167
MEX0642|20.9092|-103.9803
MEX0643|18.9011|-97.9700
MEX0644|21.1781|-102.8860
MEX0645|19.3333|-96.4833
MEX0646|21.0308|-98.2850
MEX0647|18.5797|-97.9267
MEX0648|20.4242|-103.6014
MEX0649|20.9531|-98.3800
MEX0650|19.8144|-99.5269
MEX0651|31.0275|-114.8353
MEX0652|19.7194|-98.7972
MEX0653|16.7914|-96.6750
MEX0654|19.7333|-98.8167
MEX0655|19.6031|-104.4362
MEX0656|20.7803|-102.9100
MEX0657|18.2333|-96.8167
MEX0658|20.2756|-98.1503
MEX0659|17.0667|-92.8667
MEX0660|21.1547|-98.9039
MEX0661|23.9167|-104.6000
MEX0662|21.6762|-102.5880
MEX0663|20.3675|-101.4969
MEX0664|19.0006|-98.8178
MEX0665|16.7333|-99.1333
MEX0666|16.5172|-90.6531
MEX0667|21.3472|-97.6833
MEX0668|20.7500|-97.6333
MEX0669|21.0042|-98.5056
MEX0670|20.7754|-103.6935
MEX0671|19.1667|-96.8666
MEX0672|20.8536|-86.8753
MEX0673|19.9445|-103.7585
MEX0674|17.3667|-92.8167
MEX0675|20.6068|-102.2230
MEX0676|18.9297|-99.9372
MEX0677|16.2783|-97.8200
MEX0678|20.1075|-97.6233
MEX0679|20.9275|-103.0239
MEX0680|19.5667|-96.9667
MEX0681|20.2728|-102.4806
MEX0682|20.8667|-103.2500
MEX0683|20.0833|-99.1167
MEX0684|20.2000|-97.7000
MEX0685|17.9833|-94.3500
MEX0686|16.5333|-97.5000
MEX0687|17.4581|-97.2233
MEX0688|16.3167|-95.2167
MEX0689|18.1500|-96.7333
MEX0690|20.8333|-98.2850
MEX0691|20.5000|-103.1667
MEX0692|19.4333|-104.3000
MEX0693|20.4674|-102.9248
MEX0694|21.1280|-102.0060
MEX0695|20.4000|-98.2000
MEX0696|20.1297|-99.2286
MEX0697|20.8833|-98.2000
MEX0698|16.1000|-97.1500
MEX0699|19.2167|-96.9667
MEX0700|21.2389|-104.9000
MEX0701|19.4189|-101.9088
MEX0702|19.3333|-96.9833
MEX0703|21.1933|-99.0050
MEX0704|20.2024|-104.0504
MEX0705|20.9000|-98.5833
MEX0706|18.6618|-95.9721
MEX0707|17.4667|-95.8833
MEX0708|19.3230|-97.3687
MEX0709|19.6113|-96.9224
MEX0710|17.1000|-96.7667
MEX0711|20.4000|-99.3500
MEX0712|16.9667|-92.6500
MEX0713|21.3667|-97.7333
MEX0714|16.8167|-95.1167
MEX0715|19.9667|-98.8500
MEX0716|30.4500|-111.0500
MEX0717|19.7500|-96.8167
MEX0718|21.0167|-102.1667
MEX0719|20.6167|-99.1167
MEX0720|20.3356|-98.2267
MEX0721|18.0170|-94.3800
MEX0722|20.6167|-99.2500
MEX0723|18.6167|-101.6333
MEX0724|20.8333|-103.7167
MEX0725|20.3333|-99.2333
MEX0726|16.3667|-94.2000
MEX0727|20.1333|-97.5833
MEX0728|20.2167|-98.9167
MEX0729|20.2528|-99.6433
MEX0730|20.1333|-98.6667
MEX0731|21.1452|-97.8558
MEX0732|22.0000|-98.7833
MEX0733|20.7667|-98.3333
MEX0734|19.8667|-99.7333
MEX0735|30.4833|-109.4667
MEX0736|25.9500|-100.1833
MEX0737|16.8000|-95.1167
MEX0738|16.5667|-97.6500
MEX0739|18.8500|-99.8500
MEX0740|15.4556|-92.2794
MEX0741|17.5833|-95.8833
MEX0742|20.3844|-98.9647
MEX0743|20.2231|-99.8147
MEX0744|15.7463|-96.4652
MEX0745|18.5088|-96.9227
MEX0746|21.2333|-98.0000
MEX0747|20.7278|-98.6289
MEX0748|21.2167|-98.4000
MEX0749|20.7833|-98.4500
MEX0750|19.9570|-104.2680
MEX0751|21.0128|-88.3047
MEX0752|19.9892|-99.4361
MEX0753|19.2167|-98.8500
MEX0754|18.0167|-96.9167
MEX0755|19.9675|-98.5178
MEX0756|17.2536|-93.0093
MEX0757|16.1333|-91.2833
MEX0758|19.1575|-98.8581
MEX0759|16.6167|-97.5000
MEX0760|19.9667|-97.8333
MEX0761|20.1000|-97.6833
MEX0762|17.2191|-93.1724
MEX0763|19.6500|-98.5500
MEX0764|20.0000|-101.0167
MEX0765|20.2135|-97.6574
MEX0766|17.6500|-97.8167
MEX0767|27.0275|-108.9400
MEX0768|18.7667|-96.8667
MEX0769|18.6000|-97.0000
MEX0770|21.3366|-97.8784
MEX0771|16.8667|-92.6333
MEX0772|16.6489|-92.2214
MEX0773|16.5000|-96.1000
MEX0774|21.0053|-99.1719
MEX0775|19.6667|-97.0000
MEX0776|19.6500|-97.2333
MEX0777|21.8642|-101.5933
MEX0778|24.0559|-98.3733
MEX0779|19.9500|-98.9167
MEX0780|20.6217|-98.1994
MEX0781|16.8667|-97.6500
MEX0782|19.2028|-98.8700
MEX0783|20.0177|-98.6361
MEX0784|20.2833|-99.4000
MEX0785|19.0556|-99.5467
MEX0786|19.6206|-100.2844
MEX0787|19.1433|-97.4767
MEX0788|19.6667|-96.8000
MEX0789|20.5833|-98.3667
MEX0790|20.8000|-104.0000
MEX0791|25.2617|-111.7744
MEX0792|20.7419|-89.4744
MEX0793|16.8167|-96.7833
MEX0794|17.4267|-93.0943
MEX0795|16.5000|-92.8667
MEX0796|19.8833|-98.8167
MEX0797|19.2647|-98.8975
MEX0798|19.7858|-104.7078
MEX0799|19.7000|-98.4000
MEX0800|17.2500|-96.8833
MEX0801|21.1333|-98.5383
MEX0802|20.1333|-100.3333
MEX0803|20.7844|-98.7175
MEX0804|20.3500|-98.3500
MEX0805|20.0918|-103.3785
MEX0806|20.0167|-102.4500
MEX0807|20.1667|-90.1333
MEX0808|20.8372|-89.3719
MEX0809|21.5397|-105.2856
MEX0810|21.1000|-99.1333
MEX0811|25.4500|-100.8333
MEX0812|19.0000|-98.3667
MEX0813|17.0000|-96.7167
MEX0814|16.0167|-95.6667
MEX0815|19.9692|-99.0353
MEX0816|17.2667|-98.2667
MEX0817|18.1333|-97.0833
MEX0818|19.1756|-99.4886
MEX0819|17.8000|-96.9500
MEX0820|16.5333|-92.4333
MEX0821|19.3708|-103.0197
MEX0822|17.0500|-96.8167
MEX0823|19.7819|-98.7125
MEX0824|19.8946|-101.5122
MEX0825|18.9000|-97.8500
MEX0826|21.0603|-104.0509
MEX0827|19.1817|-100.2589
MEX0828|19.4449|-100.9085
MEX0829|20.8392|-98.7178
MEX0830|18.9500|-98.7500
MEX0831|19.0167|-101.1260
MEX0832|19.3208|-103.7603
MEX0833|17.1333|-93.1667
MEX0834|20.9233|-98.9497
MEX0835|17.0465|-96.6363
MEX0836|16.8167|-95.1333
MEX0837|28.5478|-107.4856
MEX0838|16.9929|-97.5498
MEX0839|16.9170|-96.4000
MEX0840|20.0033|-101.4144
MEX0841|16.3514|-94.4836
MEX0842|21.6667|-103.3333
MEX0843|20.1842|-99.3808
MEX0844|22.1500|-102.4167
MEX0845|16.3667|-95.0167
MEX0846|26.0899|-99.6147
MEX0847|19.8167|-98.6000
MEX0848|16.4906|-95.0444
MEX0849|21.0733|-89.5208
MEX0850|20.9822|-89.2278
MEX0851|30.7667|-110.8333
MEX0852|17.2764|-96.8825
MEX0853|15.9167|-96.1667
MEX0854|17.3500|-98.0333
MEX0855|16.8833|-97.5667
MEX0856|16.5833|-97.2000
MEX0857|18.5167|-102.3830
MEX0858|15.7442|-92.2833
MEX0859|20.0500|-99.1833
MEX0860|17.0667|-96.2000
MEX0861|16.9667|-95.8167
MEX0862|25.6056|-109.0500
MEX0863|20.9161|-89.9469
MEX0864|20.4350|-103.9286
MEX0865|17.4000|-93.0167
MEX0866|24.4125|-106.6917
MEX0867|19.2500|-96.8833
MEX0868|17.1111|-96.8542
MEX0869|19.4261|-103.5319
MEX0870|21.1511|-88.9403
MEX0871|19.0167|-98.4000
MEX0872|16.9981|-96.4314
MEX0873|17.3333|-93.1333
MEX0874|21.2800|-88.9292
MEX0875|20.1697|-98.6478
MEX0876|19.8500|-97.4500
MEX0877|25.8331|-103.8478
MEX0878|17.3167|-93.2500
MEX0879|20.7386|-89.2850
MEX0880|21.2472|-89.0417
MEX0881|28.2000|-105.5500
MEX0882|20.8667|-101.9000
MEX0883|17.5322|-97.7208
MEX0884|20.6308|-88.2172
MEX0885|28.2167|-100.7167
MEX0886|18.8000|-97.1000
MEX0887|19.0203|-96.9956
MEX0888|19.9167|-96.7000
MEX0889|20.4993|-98.3393
MEX0890|18.1000|-96.7833
MEX0891|19.2614|-100.2628
MEX0892|15.5333|-92.2333
MEX0893|17.6667|-96.1333
MEX0894|18.6167|-97.0333
MEX0895|20.5968|-89.0082
MEX0896|20.9778|-89.4417
MEX0897|19.9358|-99.1019
MEX0898|23.4486|-110.2233
MEX0899|20.0833|-97.5667
MEX0900|16.4333|-97.9667
MEX0901|20.2167|-104.1670
MEX0902|20.8858|-89.8894
MEX0903|20.7767|-98.6800
MEX0904|29.8333|-107.4667
MEX0905|16.6833|-96.6833
MEX0906|17.3333|-95.7000
MEX0907|22.8330|-99.3330
MEX0908|20.1667|-101.0000
MEX0909|20.1553|-103.1847
MEX0910|28.4075|-100.8856
MEX0911|16.9500|-97.6667
MEX0912|19.7000|-97.1167
MEX0913|17.3000|-97.8333
MEX0914|29.3583|-107.7361
MEX0915|27.7522|-107.6347
MEX0916|17.5000|-98.1333
MEX0917|17.0083|-96.5556
MEX0918|20.2167|-104.0833
MEX0919|24.7833|-104.0333
MEX0920|17.0167|-97.7667
MEX0921|16.3333|-97.9167
MEX0922|20.7669|-99.1514
MEX0923|18.5000|-97.2833
MEX0924|20.0896|-103.8617
MEX0925|19.8667|-103.1500
MEX0926|19.0225|-100.0067
MEX0927|16.3992|-95.6033
MEX0928|18.6731|-97.0456
MEX0929|16.2597|-97.3781
MEX0930|17.4000|-97.7000
MEX0931|21.2861|-97.7906
MEX0932|18.1772|-96.0342
MEX0933|14.8333|-92.1833
MEX0934|17.1000|-96.6667
MEX0935|20.8511|-104.8190
MEX0936|22.3591|-103.2108
MEX0937|21.2678|-99.7183
MEX0938|18.6500|-97.1500
MEX0939|22.2489|-100.5525
MEX0940|31.3269|-109.9478
MEX0941|16.6000|-97.2333
MEX0942|19.8667|-102.8167
MEX0943|19.7500|-104.0167
MEX0944|17.4972|-93.0017
MEX0945|25.8000|-99.1667
MEX0946|17.2567|-96.0269
MEX0947|18.5167|-95.7833
MEX0948|27.0250|-100.5056
MEX0949|17.1500|-95.9167
MEX0950|16.3167|-96.4000
MEX0951|16.3217|-94.7569
MEX0952|19.3333|-96.7667
MEX0953|16.2333|-96.8667
MEX0954|20.2167|-96.7833
MEX0955|29.0167|-110.1333
MEX0956|28.9289|-114.1556
MEX0957|17.6367|-101.5514
MEX0958|27.6422|-110.2897
MEX0959|20.8753|-89.9319
MEX0960|30.4837|-115.9500
MEX0961|24.6333|-107.9167